"PIN","sex","match","email"
40,0,53,"hisje"
41,0,68,"wzohv"
20,0,89,"siugt"
8,0,65,"dghmk"
4,0,70,"mcaqe"
49,0,91,"ivcgz"
50,0,94,"krhtl"
5,0,84,"nvqmy"
48,0,82,"qpztg"
31,0,85,"gkabj"
47,0,77,"rwxlq"
18,0,81,"asgur"
11,0,51,"arwxe"
1,0,66,"twnjb"
7,0,52,"pxsqu"
37,0,56,"vmokh"
16,0,100,"uavfq"
19,0,98,"mnqok"
25,0,74,"ihsvf"
15,0,96,"dyxvm"
6,0,76,"inzvr"
22,0,78,"xhyiq"
39,0,61,"haprg"
35,0,87,"qgwaj"
46,0,75,"wzyas"
33,0,71,"iulgz"
10,0,55,"ipwds"
13,0,58,"hwzrq"
17,0,69,"yngic"
3,0,59,"lvcxa"
26,0,97,"lztvh"
44,0,62,"oumkw"
30,0,72,"uwqgm"
43,0,63,"sqdla"
42,0,90,"kwfac"
23,0,92,"zniod"
29,0,80,"awbeh"
21,0,67,"bteom"
45,0,60,"qjyrn"
27,0,83,"znhbv"
38,0,54,"xughe"
12,0,93,"zecmf"
24,0,79,"ncaer"
14,0,88,"ovajb"
28,0,95,"tyudv"
36,0,64,"swtzj"
2,0,57,"seidf"
34,0,86,"iqfkg"
9,0,99,"xocjt"
32,0,73,"ufbtw"
84,1,5,"ohgbf"
74,1,25,"iufpj"
82,1,48,"ghnde"
78,1,22,"dzxhu"
67,1,21,"wtenx"
59,1,3,"eajgm"
77,1,47,"ecdzg"
92,1,23,"yzmaw"
70,1,4,"atnly"
98,1,19,"jtfeq"
68,1,41,"pzikv"
80,1,29,"eftay"
85,1,31,"bymaz"
86,1,34,"bfvki"
53,1,40,"anuyr"
93,1,12,"wgrfd"
73,1,32,"wumeo"
91,1,49,"hqpbi"
95,1,28,"rknas"
57,1,2,"nsuhb"
99,1,9,"psjma"
100,1,16,"dcqnu"
83,1,27,"uqjyl"
87,1,35,"cbugi"
72,1,30,"lzuqh"
51,1,11,"jchot"
54,1,38,"ozcsb"
69,1,17,"vtfhm"
88,1,14,"hfovb"
58,1,13,"dcpir"
66,1,1,"dvfpq"
75,1,46,"qlxhp"
96,1,15,"sceph"
56,1,37,"viakx"
64,1,36,"zdlaq"
71,1,33,"lmqfi"
61,1,39,"xnmfz"
76,1,6,"mfgaw"
52,1,7,"mphav"
63,1,43,"ceats"
90,1,42,"khoye"
97,1,26,"lgtxb"
94,1,50,"xsknj"
65,1,8,"rjtaq"
60,1,45,"woqeh"
62,1,44,"wagjq"
81,1,18,"gwmdx"
89,1,20,"otphl"
79,1,24,"ecjmv"
55,1,10,"udgsq"
