"PIN","sex","firstName","match","email"
30,0,"kgurf",86,"jxqls"
19,0,"kgurf",73,"cbyhv"
46,0,"kgurf",53,"tghse"
47,0,"kgurf",92,"rwasy"
40,0,"kgurf",72,"kdowl"
10,0,"kgurf",63,"nktef"
34,0,"kgurf",77,"vwymo"
45,0,"kgurf",55,"obzyv"
6,0,"kgurf",76,"uchxb"
16,0,"kgurf",89,"zxgwe"
5,0,"kgurf",79,"ysflo"
33,0,"kgurf",75,"bahcz"
35,0,"kgurf",68,"kbhyp"
32,0,"kgurf",71,"yetxl"
36,0,"kgurf",67,"gsvmj"
14,0,"kgurf",70,"kjsue"
18,0,"kgurf",78,"hwbri"
21,0,"kgurf",95,"votml"
23,0,"kgurf",54,"rijlw"
13,0,"kgurf",58,"hzafj"
2,0,"kgurf",99,"nomap"
27,0,"kgurf",90,"fdzlx"
17,0,"kgurf",94,"mpdyo"
20,0,"kgurf",66,"qbalh"
9,0,"kgurf",51,"nuyde"
42,0,"kgurf",91,"cwker"
31,0,"kgurf",88,"zdwsj"
29,0,"kgurf",80,"twpvd"
49,0,"kgurf",61,"rivec"
41,0,"kgurf",100,"typgs"
12,0,"kgurf",52,"qcovj"
50,0,"kgurf",96,"ohxyb"
44,0,"kgurf",59,"ojfbv"
11,0,"kgurf",62,"dfvoj"
39,0,"kgurf",74,"vynqu"
28,0,"kgurf",93,"ahgql"
3,0,"kgurf",60,"ztakl"
15,0,"kgurf",87,"tkzuw"
48,0,"kgurf",97,"nluqj"
24,0,"kgurf",69,"jumsv"
4,0,"kgurf",65,"yzjqi"
8,0,"kgurf",85,"orbly"
7,0,"kgurf",83,"tgedr"
37,0,"kgurf",84,"fborc"
22,0,"kgurf",56,"wyzli"
25,0,"kgurf",82,"cyxri"
1,0,"kgurf",64,"uacrs"
38,0,"kgurf",57,"lnjvz"
26,0,"kgurf",98,"teclb"
43,0,"kgurf",81,"amups"
60,1,"kgurf",3,"eiktr"
82,1,"kgurf",25,"noemi"
58,1,"kgurf",13,"baotx"
94,1,"kgurf",17,"hilav"
54,1,"kgurf",23,"jfkwt"
96,1,"kgurf",50,"fnela"
51,1,"kgurf",9,"cuesv"
52,1,"kgurf",12,"sbyzv"
64,1,"kgurf",1,"mrwgb"
99,1,"kgurf",2,"ngbme"
75,1,"kgurf",33,"bmdgt"
57,1,"kgurf",38,"clqjp"
98,1,"kgurf",26,"eztqo"
72,1,"kgurf",40,"xkgwq"
68,1,"kgurf",35,"suinx"
70,1,"kgurf",14,"fhexk"
74,1,"kgurf",39,"schay"
92,1,"kgurf",47,"oyxkr"
61,1,"kgurf",49,"uwyav"
97,1,"kgurf",48,"onrjs"
71,1,"kgurf",32,"felus"
80,1,"kgurf",29,"pscei"
89,1,"kgurf",16,"akzws"
79,1,"kgurf",5,"xmhlp"
87,1,"kgurf",15,"rubnq"
85,1,"kgurf",8,"ljagr"
77,1,"kgurf",34,"lmpdg"
86,1,"kgurf",30,"fqjth"
88,1,"kgurf",31,"ulnmz"
69,1,"kgurf",24,"gadlk"
95,1,"kgurf",21,"ljehk"
93,1,"kgurf",28,"pmbtg"
76,1,"kgurf",6,"nfxth"
81,1,"kgurf",43,"urspy"
78,1,"kgurf",18,"govlw"
73,1,"kgurf",19,"otyhg"
67,1,"kgurf",36,"sotcq"
55,1,"kgurf",45,"vzwlo"
63,1,"kgurf",10,"ovxwz"
53,1,"kgurf",46,"hkjeq"
100,1,"kgurf",41,"cnxyi"
83,1,"kgurf",7,"nipef"
59,1,"kgurf",44,"hdykz"
90,1,"kgurf",27,"nokgv"
91,1,"kgurf",42,"uprqm"
65,1,"kgurf",4,"umqps"
62,1,"kgurf",11,"pcsiw"
84,1,"kgurf",37,"tybfh"
66,1,"kgurf",20,"cijlo"
56,1,"kgurf",22,"cxbhz"
